{"name":"be7c4ca6-bd33-43e9-94c6-5cacaa59d333","id":"/providers/Microsoft.Flow/flows/be7c4ca6-bd33-43e9-94c6-5cacaa59d333","type":"Microsoft.Flow/flows","properties":{"apiId":"/providers/Microsoft.PowerApps/apis/shared_logicflows","displayName":"PowerAppV2 -> Refresh a dataset","definition":{"metadata":{"workflowEntityId":null,"processAdvisorMetadata":null,"flowChargedByPaygo":null,"flowclientsuspensionreason":"None","flowclientsuspensiontime":null,"flowclientsuspensionreasondetails":null,"creator":{"id":"a007cffe-099e-477d-9f99-03ab29ef90d7","type":"User","tenantId":"4c25b8a6-17f7-46f9-83f0-54734ab81fb1"},"provisioningMethod":"FromDefinition","failureAlertSubscription":true,"clientLastModifiedTime":"2024-10-28T17:21:13.3392116Z","connectionKeySavedTimeKey":"2024-10-28T17:21:13.3392116Z","creationSource":"PowerappsPpux","modifiedSources":"PowerappsPpux"},"$schema":"https://schema.management.azure.com/providers/Microsoft.Logic/schemas/2016-06-01/workflowdefinition.json#","contentVersion":"1.0.0.0","parameters":{"$connections":{"defaultValue":{},"type":"Object"},"$authentication":{"defaultValue":{},"type":"SecureObject"}},"triggers":{"manual":{"metadata":{"operationMetadataId":"aed3d5af-e714-4d54-b335-ca91610531af"},"type":"Request","kind":"PowerAppV2","inputs":{"schema":{"type":"object","properties":{},"required":[]}}}},"actions":{"Refresh_a_dataset":{"runAfter":{},"metadata":{"operationMetadataId":"8ae13af6-0480-4183-938f-4366940d5b01"},"type":"OpenApiConnection","inputs":{"host":{"apiId":"/providers/Microsoft.PowerApps/apis/shared_powerbi","connectionName":"shared_powerbi","operationId":"RefreshDataset"},"parameters":{"groupid":"myworkspace","datasetid":"95745cb4-de1d-4472-bb24-c7e963d3a261"},"authentication":{"value":"@json(decodeBase64(triggerOutputs().headers['X-MS-APIM-Tokens']))['$ConnectionKey']","type":"Raw"}}}}},"connectionReferences":{"shared_powerbi":{"connectionName":"shared-powerbi-91ecb9e4-3871-4262-ad23-f06e00d03665","source":"Invoker","id":"/providers/Microsoft.PowerApps/apis/shared_powerbi","tier":"NotSpecified"}},"flowFailureAlertSubscribed":false,"isManaged":false}}