{"name":"ac2e14d5-1571-46a4-9319-a39d319d0e4d","id":"/providers/Microsoft.Flow/flows/ac2e14d5-1571-46a4-9319-a39d319d0e4d","type":"Microsoft.Flow/flows","properties":{"apiId":"/providers/Microsoft.PowerApps/apis/shared_logicflows","displayName":"PowerAppV2 -> Refresh a dataset","definition":{"metadata":{"workflowEntityId":null,"processAdvisorMetadata":null,"flowChargedByPaygo":null,"flowclientsuspensionreason":"None","flowclientsuspensiontime":null,"flowclientsuspensionreasondetails":null,"creator":{"id":"a007cffe-099e-477d-9f99-03ab29ef90d7","type":"User","tenantId":"4c25b8a6-17f7-46f9-83f0-54734ab81fb1"},"provisioningMethod":"FromDefinition","failureAlertSubscription":true,"clientLastModifiedTime":"2024-10-28T17:45:41.8134999Z","connectionKeySavedTimeKey":"2024-10-28T17:45:41.8134999Z","creationSource":"PowerappsPpux","modifiedSources":"PowerappsPpux"},"$schema":"https://schema.management.azure.com/providers/Microsoft.Logic/schemas/2016-06-01/workflowdefinition.json#","contentVersion":"1.0.0.0","parameters":{"$connections":{"defaultValue":{},"type":"Object"},"$authentication":{"defaultValue":{},"type":"SecureObject"}},"triggers":{"manual":{"metadata":{"operationMetadataId":"95b7598b-c658-4a3a-9c49-11601bbd5336"},"type":"Request","kind":"PowerAppV2","inputs":{"schema":{"type":"object","properties":{},"required":[]}}}},"actions":{"Refresh_a_dataset":{"runAfter":{},"metadata":{"operationMetadataId":"a3655c81-386e-499a-be45-0696e715010d"},"type":"OpenApiConnection","inputs":{"host":{"apiId":"/providers/Microsoft.PowerApps/apis/shared_powerbi","connectionName":"shared_powerbi","operationId":"RefreshDataset"},"parameters":{"groupid":"myworkspace","datasetid":"0819c8b5-a0e4-41a1-9ca3-16ff4b5c9ef7"},"authentication":{"value":"@json(decodeBase64(triggerOutputs().headers['X-MS-APIM-Tokens']))['$ConnectionKey']","type":"Raw"}}}}},"connectionReferences":{"shared_powerbi":{"connectionName":"shared-powerbi-91ecb9e4-3871-4262-ad23-f06e00d03665","source":"Invoker","id":"/providers/Microsoft.PowerApps/apis/shared_powerbi","tier":"NotSpecified"}},"flowFailureAlertSubscribed":false,"isManaged":false}}