{"schemaVersion":"1.0","appDefinitionTemplate":{"id":"/providers/Microsoft.PowerApps/apps/","type":"Microsoft.PowerApps/apps","tags":{"primaryDeviceWidth":"1366","primaryDeviceHeight":"768","supportsPortrait":"true","supportsLandscape":"true","primaryFormFactor":"Tablet","showStatusBar":"false","publisherVersion":"3.24101.10","minimumRequiredApiVersion":"2.2.0","hasComponent":"true","hasUnlockedComponent":"true","isUnifiedRootApp":"false","sienaVersion":"20241028T181511Z-3.24101.10.0"},"properties":{"appVersion":"2024-10-28T18:15:11Z","lifeCycleId":"Published","createdByClientVersion":{"major":3,"minor":24101,"build":10,"revision":0,"majorRevision":0,"minorRevision":0},"minClientVersion":{"major":3,"minor":24101,"build":10,"revision":0,"majorRevision":0,"minorRevision":0},"backgroundColor":"RGBA(0,176,240,1)","backgroundImageUri":"/206703724303697234/Nc1f4f047-0ed0-45db-8fa9-9be64c61a16e-logoSmallFile","displayName":"CustomersDataProject","description":"","commitMessage":"","appUris":{"documentUri":{"value":"/206703724303697234/N441032d0-f620-4452-9019-ce2f713c4452-document.msapp"},"imageUris":[],"additionalUris":[{"isSolutionAware":false,"value":"/206703724303697234/Nd8d64b7d-cd52-453c-9fc7-0ed9297780ac-identity.json"}]},"createdTime":"0001-01-01T00:00:00Z","lastModifiedTime":"0001-01-01T00:00:00Z","sharedGroupsCount":0,"sharedUsersCount":0,"connectionReferences":{"72eaaf93-71a8-4938-81bd-c6295b4c6ed1":{"id":"644808ec-1aa1-4278-bbda-04ed2a5a3997","displayName":"SharePoint","iconUri":"https://connectoricons-prod.azureedge.net/u/jayawan/releases/v1.0.1697/1.0.1697.3786/sharepointonline/icon.png","dataSources":["CustomersDataSharePoint"],"dependencies":[],"dependents":[],"parameterHints":{},"parameterHintsV2":{},"isOnPremiseConnection":false,"bypassConsent":false,"dataSets":{"https://studentuml-my.sharepoint.com/personal/srilekha_devineedi_student_uml_edu":{"dataSources":{"CustomersDataSharePoint":{"tableName":"6117fffd-0e55-43b9-a5b3-ecf0b2496568"}}}},"apiTier":"Standard","isCustomApiConnection":false,"actions":["providers/PowerPlatform.Governance/Operations/Read","providers/PowerPlatform.Governance/Operations/Write"]},"6235be8b-595a-483a-85f2-07891e33bed5":{"id":"0b3cf7ce-2c62-414b-b242-5b48cecc8954","displayName":"Logic flows","iconUri":"https://connectoricons-prod.azureedge.net/releases/v1.0.1719/1.0.1719.3955/logicflows/icon.png","dataSources":["PowerAppV2->Refreshadataset"],"dependencies":["7613c265-48cd-478e-bfcd-4adab30dbe35"],"dependents":[],"parameterHints":{"workflowName":{"value":"1035faca-ba23-44aa-b1da-d297a84f65e8"},"workflowEntityId":{},"workflowDisplayName":{"value":"PowerAppV2 -> Refresh a dataset"},"7613c265-48cd-478e-bfcd-4adab30dbe35":{"value":"shared_powerbi"}},"parameterHintsV2":{"workflowName":{"value":"1035faca-ba23-44aa-b1da-d297a84f65e8"},"workflowEntityId":{},"workflowDisplayName":{"value":"PowerAppV2 -> Refresh a dataset"},"shared_powerbi":{"value":"7613c265-48cd-478e-bfcd-4adab30dbe35"}},"isOnPremiseConnection":false,"bypassConsent":false,"dataSets":{},"apiTier":"Standard","isCustomApiConnection":false,"actions":["Run"],"nestedActions":[{"id":"/providers/Microsoft.PowerApps/apis/shared_powerbi/apiOperations/RefreshDataset","apiName":"Power BI","actionName":"RefreshDataset","referencedResources":[]}]},"7613c265-48cd-478e-bfcd-4adab30dbe35":{"id":"f57d0940-7904-42dd-b729-348a6b7d6ca9","displayName":"Power BI","iconUri":"https://connectoricons-prod.azureedge.net/releases/v1.0.1694/1.0.1694.3752/powerbi/icon.png","dataSources":[],"dependencies":[],"dependents":["6235be8b-595a-483a-85f2-07891e33bed5"],"parameterHints":{},"parameterHintsV2":{},"isOnPremiseConnection":false,"bypassConsent":false,"dataSets":{},"apiTier":"Standard","isCustomApiConnection":false}},"authorizationReferences":[{"resourceId":"powerbi"}],"databaseReferences":{},"almMode":"Environment","performanceOptimizationEnabled":false,"canConsumeAppPass":false,"enableModernRuntimeMode":false,"executionRestrictions":{"isTeamsOnly":false,"dataLossPreventionEvaluationResult":{"status":"Compliant","lastEvaluationDate":"2024-10-28T18:15:16.4790857Z","violations":[],"violationsByPolicy":[],"violationErrorMessage":"The app uses the following connectors: shared_sharepointonline, shared_logicflows, shared_powerbi."},"httpActionRestriction":{"appUsesSharepointHttpAction":false,"enforcementStrategy":"Legacy","evaluationTime":"2024-10-28T18:15:16.4789746Z"}}},"appType":"ClassicCanvasApp","appComponents":[]}}